SAMPLE_ID	Acidobacteria	Actinobacteria
ERR1456806	123.877763	442.2428762
ERR1456807	180000000000000000000000000000000000000000000000000000000000000000000000000000000000000000000000000000000000000000000000000000000000000000000000000000000000000000000000000000000000000000000000000000000000000000000000000000000000000000000000000000000000000000000000000000000000000000000000000000000000000000000000	397.1566667
ERR1456808	120.712107	455.5319064
ERR1456826	192.7786284	507.2063796
ERR1456827	206.5363217	482.1208965
ERR1456828	199.3173952	543.5664585